Workbook

Sheet Instruções
B1: Mapeamento de Processos por Setor
B2: VAN-FOR-SGQ-001 | Versão 1.0 | Emissão 11/09/2026 | CONFIDENCIAL
B3: Sistema de Gestão da Qualidade — Vanguarda Martech | VPromo | VBOT
B5: Para que serve | C5: Este formulário coleta, de cada setor, a matéria-prima dos Procedimentos Operacionais Padrão (POP). As colunas não são genéricas: cada uma alimenta uma seção obrigatória do POP conforme o SGQ VAN-QUAL-001. O que não for preenchido aqui não pode ser inventado depois — vira lacuna no procedimento.
B6: O que este documento NÃO é | C6: Não é um POP. É o formulário que antecede o POP. Os POPs são redigidos a partir daqui, recebem código VAN-POP-[ÁREA]-[SEQ] e seguem para aprovação do CEO.
B7: Quem preenche | C7: Cada setor preenche a SUA aba. O gestor da área é responsável pelo conteúdo; a Gestão da Qualidade valida.
B8: Como preencher | C8: 1) Abra a aba do seu setor. 2) A linha 8, em amarelo, é um EXEMPLO preenchido — use como referência e apague ou sobrescreva. 3) Escreva um processo por linha, a partir da linha 9. 4) Colunas com (*) no título são obrigatórias. 5) Depois volte às abas Etapas, RACI, KPIs e Riscos e detalhe cada processo que você listou.
B9: Ordem sugerida | C9: Aba do setor → Etapas → RACI → KPIs → Riscos. Comece pelos processos de prioridade Alta: não é preciso mapear tudo de uma vez.
B10: Como os códigos funcionam | C10: O código do processo tem o formato PREFIXO.NN — por exemplo MID.01 para o primeiro processo de Mídia Paga. O prefixo de cada setor está no topo da respectiva aba. Esse código é a chave que liga a linha do processo às abas de Etapas, RACI, KPIs e Riscos: escreva-o igual nas quatro.
B11: Mínimos exigidos pelo SGQ | C11: Por processo: no mínimo 3 etapas, 5 indicadores e 5 riscos. A aba Consolidado mostra quem já atingiu o mínimo e quem ainda não.
B12: Regra de ouro do RACI | C12: Toda atividade que envolve pagamento ou compromisso financeiro tem o CEO como Aprovador (A). Não há exceção.
B13: Escala de risco | C13: Probabilidade e Impacto vão de 1 a 3. O Nível de Risco (NR) é o produto dos dois e é calculado automaticamente: NR ≥ 6 exige ação imediata, 4 a 5 pede monitoramento, até 3 é aceitável.
B14: Cores da planilha | C14: Amarelo = linha de exemplo, para apagar. Verde = célula calculada, não digite. Cinza alternado = apenas leitura de linha. Azul escuro = cabeçalho.
B15: Prazo e devolução | C15: Devolver à Gestão da Qualidade. A planilha volta inteira, com todas as abas — não separe.
B16: Dois códigos de área pendentes | C16: A tabela oficial do SGQ tem sete áreas: FIN, MKT, COM, OPS, RH, TEC e VBOT. Diretoria Executiva e Planejamento/Estratégia e Inovação não se encaixam em nenhuma delas; as abas trazem GOV e EST como PROPOSTA, marcados com asterisco, aguardando decisão da Qualidade. Observe também que cinco setores (Mídia Paga, Inbound, Criação, Direção de Arte e Social Media) caem todos em MKT — por isso o código do processo usa prefixo próprio por setor, senão MKT sozinho não diria de quem é o processo.
B18: Referenciais | C18: ISO 9001:2015 · ABPMP CBOK v3.0 · PMBOK 7ª Ed. · COSO ERM · Lean · Planejamento Estratégico Vanguarda 2030 · SGQ Vanguarda VAN-QUAL-001

Sheet Mídia Paga
A1: Mapeamento de Processos — Mídia Paga
A2: VAN-FOR-SGQ-001 | Versão 1.0 | Emissão 11/09/2026 | SGQ Vanguarda (VAN-QUAL-001) | CONFIDENCIAL
A3: Setor: Mídia Paga | Código de área SGQ: MKT | Prefixo dos processos: MID.NN
A5: COMO PREENCHER: escreva a partir da linha 9. A linha 8, em amarelo, é EXEMPLO — apague-a ou sobrescreva-a. Colunas com (*) são obrigatórias. Células em verde são calculadas automaticamente: não digite nelas.
A6: Cabeçalho | B6: Cabeçalho | C6: §1 Objetivo | D6: §2 Escopo | E6: §2 Escopo | F6: §2 Escopo | G6: Cabeçalho | H6: §5 RACI | I6: §5 RACI | J6: §6 SIPOC | K6: §6 SIPOC | L6: §6 SIPOC | M6: §6 SIPOC | N6: §7 Recursos | O6: §7 Recursos | P6: §8 Competências | Q6: §8 Competências | R6: §9 Processo | S6: §10 KPIs | T6: §14 Registros | U6: §14 Registros | V6: §14 Registros | W6: §5 RACI | X6: Planejamento | Y6: Controle | Z6: Controle | AA6: Controle
A7: Código do Processo * | B7: Nome do Processo * | C7: Objetivo (1 a 2 frases) * | D7: Escopo — o que o processo cobre * | E7: NÃO está no escopo * | F7: Entidades aplicáveis * | G7: Gestor do Processo (cargo) * | H7: Executor principal (cargo) * | I7: Aprovador (cargo) * | J7: Fornecedores — de quem recebe * | K7: Entradas — o que recebe * | L7: Saídas — o que entrega * | M7: Clientes — quem recebe a saída * | N7: Sistemas e ferramentas * | O7: Documentos de referência | P7: Competências necessárias | Q7: Treinamentos obrigatórios | R7: Frequência de execução * | S7: Volume médio mensal | T7: Registros e evidências gerados * | U7: Local de armazenamento * | V7: Retenção | W7: Envolve pagamento ou compromisso financeiro? * | X7: Prioridade para redação do POP * | Y7: Preenchido por * | Z7: Data do preenchimento * | AA7: Status *
A8: MID.01 | B8: Veiculação de campanha de mídia paga | C8: Padronizar o planejamento, a veiculação e a conferência de campanhas de mídia paga, garantindo rastreabilidade da verba e do resultado. | D8: Do briefing aprovado até o relatório de fechamento da campanha. | E8: Negociação comercial com o cliente; emissão de nota fiscal. | F8: Vanguarda Martech | G8: Supervisor de Mídia Paga | H8: Analista de Mídia Paga | I8: Diretoria de Operações | J8: Account; Planejamento | K8: Briefing aprovado; verba liberada; peças aprovadas | L8: Campanha veiculada; relatório de performance | M8: Account; Cliente | N8: Google Ads; Meta Ads; Nekt; Power BI | O8: VAN-POP-FIN-004 (Controle de Verbas de Impulsionamento) | P8: Gestão de campanhas; leitura de métricas; Excel intermediário | Q8: Google Ads Certification; LGPD | R8: Diária | S8: 45 | T8: Print de veiculação; relatório mensal; PI assinado | U8: Google Drive — SGQ/Mídia | V8: 5 anos | W8: Sim | X8: Alta | Y8: (quem preencheu) | Z8: 11/09/2026 | AA8: Não iniciado

Sheet Inbound
A1: Mapeamento de Processos — Inbound
A2: VAN-FOR-SGQ-001 | Versão 1.0 | Emissão 11/09/2026 | SGQ Vanguarda (VAN-QUAL-001) | CONFIDENCIAL
A3: Setor: Inbound | Código de área SGQ: MKT | Prefixo dos processos: INB.NN
A5: COMO PREENCHER: escreva a partir da linha 9. A linha 8, em amarelo, é EXEMPLO — apague-a ou sobrescreva-a. Colunas com (*) são obrigatórias. Células em verde são calculadas automaticamente: não digite nelas.
A6: Cabeçalho | B6: Cabeçalho | C6: §1 Objetivo | D6: §2 Escopo | E6: §2 Escopo | F6: §2 Escopo | G6: Cabeçalho | H6: §5 RACI | I6: §5 RACI | J6: §6 SIPOC | K6: §6 SIPOC | L6: §6 SIPOC | M6: §6 SIPOC | N6: §7 Recursos | O6: §7 Recursos | P6: §8 Competências | Q6: §8 Competências | R6: §9 Processo | S6: §10 KPIs | T6: §14 Registros | U6: §14 Registros | V6: §14 Registros | W6: §5 RACI | X6: Planejamento | Y6: Controle | Z6: Controle | AA6: Controle
A7: Código do Processo * | B7: Nome do Processo * | C7: Objetivo (1 a 2 frases) * | D7: Escopo — o que o processo cobre * | E7: NÃO está no escopo * | F7: Entidades aplicáveis * | G7: Gestor do Processo (cargo) * | H7: Executor principal (cargo) * | I7: Aprovador (cargo) * | J7: Fornecedores — de quem recebe * | K7: Entradas — o que recebe * | L7: Saídas — o que entrega * | M7: Clientes — quem recebe a saída * | N7: Sistemas e ferramentas * | O7: Documentos de referência | P7: Competências necessárias | Q7: Treinamentos obrigatórios | R7: Frequência de execução * | S7: Volume médio mensal | T7: Registros e evidências gerados * | U7: Local de armazenamento * | V7: Retenção | W7: Envolve pagamento ou compromisso financeiro? * | X7: Prioridade para redação do POP * | Y7: Preenchido por * | Z7: Data do preenchimento * | AA7: Status *
A8: INB.01 | B8: Veiculação de campanha de mídia paga | C8: Padronizar o planejamento, a veiculação e a conferência de campanhas de mídia paga, garantindo rastreabilidade da verba e do resultado. | D8: Do briefing aprovado até o relatório de fechamento da campanha. | E8: Negociação comercial com o cliente; emissão de nota fiscal. | F8: Vanguarda Martech | G8: Supervisor de Mídia Paga | H8: Analista de Mídia Paga | I8: Diretoria de Operações | J8: Account; Planejamento | K8: Briefing aprovado; verba liberada; peças aprovadas | L8: Campanha veiculada; relatório de performance | M8: Account; Cliente | N8: Google Ads; Meta Ads; Nekt; Power BI | O8: VAN-POP-FIN-004 (Controle de Verbas de Impulsionamento) | P8: Gestão de campanhas; leitura de métricas; Excel intermediário | Q8: Google Ads Certification; LGPD | R8: Diária | S8: 45 | T8: Print de veiculação; relatório mensal; PI assinado | U8: Google Drive — SGQ/Mídia | V8: 5 anos | W8: Sim | X8: Alta | Y8: (quem preencheu) | Z8: 11/09/2026 | AA8: Não iniciado

Sheet Account
A1: Mapeamento de Processos — Account (Atendimento)
A2: VAN-FOR-SGQ-001 | Versão 1.0 | Emissão 11/09/2026 | SGQ Vanguarda (VAN-QUAL-001) | CONFIDENCIAL
A3: Setor: Account (Atendimento) | Código de área SGQ: COM | Prefixo dos processos: ACC.NN
A5: COMO PREENCHER: escreva a partir da linha 9. A linha 8, em amarelo, é EXEMPLO — apague-a ou sobrescreva-a. Colunas com (*) são obrigatórias. Células em verde são calculadas automaticamente: não digite nelas.
A6: Cabeçalho | B6: Cabeçalho | C6: §1 Objetivo | D6: §2 Escopo | E6: §2 Escopo | F6: §2 Escopo | G6: Cabeçalho | H6: §5 RACI | I6: §5 RACI | J6: §6 SIPOC | K6: §6 SIPOC | L6: §6 SIPOC | M6: §6 SIPOC | N6: §7 Recursos | O6: §7 Recursos | P6: §8 Competências | Q6: §8 Competências | R6: §9 Processo | S6: §10 KPIs | T6: §14 Registros | U6: §14 Registros | V6: §14 Registros | W6: §5 RACI | X6: Planejamento | Y6: Controle | Z6: Controle | AA6: Controle
A7: Código do Processo * | B7: Nome do Processo * | C7: Objetivo (1 a 2 frases) * | D7: Escopo — o que o processo cobre * | E7: NÃO está no escopo * | F7: Entidades aplicáveis * | G7: Gestor do Processo (cargo) * | H7: Executor principal (cargo) * | I7: Aprovador (cargo) * | J7: Fornecedores — de quem recebe * | K7: Entradas — o que recebe * | L7: Saídas — o que entrega * | M7: Clientes — quem recebe a saída * | N7: Sistemas e ferramentas * | O7: Documentos de referência | P7: Competências necessárias | Q7: Treinamentos obrigatórios | R7: Frequência de execução * | S7: Volume médio mensal | T7: Registros e evidências gerados * | U7: Local de armazenamento * | V7: Retenção | W7: Envolve pagamento ou compromisso financeiro? * | X7: Prioridade para redação do POP * | Y7: Preenchido por * | Z7: Data do preenchimento * | AA7: Status *
A8: ACC.01 | B8: Veiculação de campanha de mídia paga | C8: Padronizar o planejamento, a veiculação e a conferência de campanhas de mídia paga, garantindo rastreabilidade da verba e do resultado. | D8: Do briefing aprovado até o relatório de fechamento da campanha. | E8: Negociação comercial com o cliente; emissão de nota fiscal. | F8: Vanguarda Martech | G8: Supervisor de Mídia Paga | H8: Analista de Mídia Paga | I8: Diretoria de Operações | J8: Account; Planejamento | K8: Briefing aprovado; verba liberada; peças aprovadas | L8: Campanha veiculada; relatório de performance | M8: Account; Cliente | N8: Google Ads; Meta Ads; Nekt; Power BI | O8: VAN-POP-FIN-004 (Controle de Verbas de Impulsionamento) | P8: Gestão de campanhas; leitura de métricas; Excel intermediário | Q8: Google Ads Certification; LGPD | R8: Diária | S8: 45 | T8: Print de veiculação; relatório mensal; PI assinado | U8: Google Drive — SGQ/Mídia | V8: 5 anos | W8: Sim | X8: Alta | Y8: (quem preencheu) | Z8: 11/09/2026 | AA8: Não iniciado

Sheet Criação
A1: Mapeamento de Processos — Criação
A2: VAN-FOR-SGQ-001 | Versão 1.0 | Emissão 11/09/2026 | SGQ Vanguarda (VAN-QUAL-001) | CONFIDENCIAL
A3: Setor: Criação | Código de área SGQ: MKT | Prefixo dos processos: CRI.NN
A5: COMO PREENCHER: escreva a partir da linha 9. A linha 8, em amarelo, é EXEMPLO — apague-a ou sobrescreva-a. Colunas com (*) são obrigatórias. Células em verde são calculadas automaticamente: não digite nelas.
A6: Cabeçalho | B6: Cabeçalho | C6: §1 Objetivo | D6: §2 Escopo | E6: §2 Escopo | F6: §2 Escopo | G6: Cabeçalho | H6: §5 RACI | I6: §5 RACI | J6: §6 SIPOC | K6: §6 SIPOC | L6: §6 SIPOC | M6: §6 SIPOC | N6: §7 Recursos | O6: §7 Recursos | P6: §8 Competências | Q6: §8 Competências | R6: §9 Processo | S6: §10 KPIs | T6: §14 Registros | U6: §14 Registros | V6: §14 Registros | W6: §5 RACI | X6: Planejamento | Y6: Controle | Z6: Controle | AA6: Controle
A7: Código do Processo * | B7: Nome do Processo * | C7: Objetivo (1 a 2 frases) * | D7: Escopo — o que o processo cobre * | E7: NÃO está no escopo * | F7: Entidades aplicáveis * | G7: Gestor do Processo (cargo) * | H7: Executor principal (cargo) * | I7: Aprovador (cargo) * | J7: Fornecedores — de quem recebe * | K7: Entradas — o que recebe * | L7: Saídas — o que entrega * | M7: Clientes — quem recebe a saída * | N7: Sistemas e ferramentas * | O7: Documentos de referência | P7: Competências necessárias | Q7: Treinamentos obrigatórios | R7: Frequência de execução * | S7: Volume médio mensal | T7: Registros e evidências gerados * | U7: Local de armazenamento * | V7: Retenção | W7: Envolve pagamento ou compromisso financeiro? * | X7: Prioridade para redação do POP * | Y7: Preenchido por * | Z7: Data do preenchimento * | AA7: Status *
A8: CRI.01 | B8: Veiculação de campanha de mídia paga | C8: Padronizar o planejamento, a veiculação e a conferência de campanhas de mídia paga, garantindo rastreabilidade da verba e do resultado. | D8: Do briefing aprovado até o relatório de fechamento da campanha. | E8: Negociação comercial com o cliente; emissão de nota fiscal. | F8: Vanguarda Martech | G8: Supervisor de Mídia Paga | H8: Analista de Mídia Paga | I8: Diretoria de Operações | J8: Account; Planejamento | K8: Briefing aprovado; verba liberada; peças aprovadas | L8: Campanha veiculada; relatório de performance | M8: Account; Cliente | N8: Google Ads; Meta Ads; Nekt; Power BI | O8: VAN-POP-FIN-004 (Controle de Verbas de Impulsionamento) | P8: Gestão de campanhas; leitura de métricas; Excel intermediário | Q8: Google Ads Certification; LGPD | R8: Diária | S8: 45 | T8: Print de veiculação; relatório mensal; PI assinado | U8: Google Drive — SGQ/Mídia | V8: 5 anos | W8: Sim | X8: Alta | Y8: (quem preencheu) | Z8: 11/09/2026 | AA8: Não iniciado

Sheet Direção de Arte
A1: Mapeamento de Processos — Direção de Arte
A2: VAN-FOR-SGQ-001 | Versão 1.0 | Emissão 11/09/2026 | SGQ Vanguarda (VAN-QUAL-001) | CONFIDENCIAL
A3: Setor: Direção de Arte | Código de área SGQ: MKT | Prefixo dos processos: ART.NN
A5: COMO PREENCHER: escreva a partir da linha 9. A linha 8, em amarelo, é EXEMPLO — apague-a ou sobrescreva-a. Colunas com (*) são obrigatórias. Células em verde são calculadas automaticamente: não digite nelas.
A6: Cabeçalho | B6: Cabeçalho | C6: §1 Objetivo | D6: §2 Escopo | E6: §2 Escopo | F6: §2 Escopo | G6: Cabeçalho | H6: §5 RACI | I6: §5 RACI | J6: §6 SIPOC | K6: §6 SIPOC | L6: §6 SIPOC | M6: §6 SIPOC | N6: §7 Recursos | O6: §7 Recursos | P6: §8 Competências | Q6: §8 Competências | R6: §9 Processo | S6: §10 KPIs | T6: §14 Registros | U6: §14 Registros | V6: §14 Registros | W6: §5 RACI | X6: Planejamento | Y6: Controle | Z6: Controle | AA6: Controle
A7: Código do Processo * | B7: Nome do Processo * | C7: Objetivo (1 a 2 frases) * | D7: Escopo — o que o processo cobre * | E7: NÃO está no escopo * | F7: Entidades aplicáveis * | G7: Gestor do Processo (cargo) * | H7: Executor principal (cargo) * | I7: Aprovador (cargo) * | J7: Fornecedores — de quem recebe * | K7: Entradas — o que recebe * | L7: Saídas — o que entrega * | M7: Clientes — quem recebe a saída * | N7: Sistemas e ferramentas * | O7: Documentos de referência | P7: Competências necessárias | Q7: Treinamentos obrigatórios | R7: Frequência de execução * | S7: Volume médio mensal | T7: Registros e evidências gerados * | U7: Local de armazenamento * | V7: Retenção | W7: Envolve pagamento ou compromisso financeiro? * | X7: Prioridade para redação do POP * | Y7: Preenchido por * | Z7: Data do preenchimento * | AA7: Status *
A8: ART.01 | B8: Veiculação de campanha de mídia paga | C8: Padronizar o planejamento, a veiculação e a conferência de campanhas de mídia paga, garantindo rastreabilidade da verba e do resultado. | D8: Do briefing aprovado até o relatório de fechamento da campanha. | E8: Negociação comercial com o cliente; emissão de nota fiscal. | F8: Vanguarda Martech | G8: Supervisor de Mídia Paga | H8: Analista de Mídia Paga | I8: Diretoria de Operações | J8: Account; Planejamento | K8: Briefing aprovado; verba liberada; peças aprovadas | L8: Campanha veiculada; relatório de performance | M8: Account; Cliente | N8: Google Ads; Meta Ads; Nekt; Power BI | O8: VAN-POP-FIN-004 (Controle de Verbas de Impulsionamento) | P8: Gestão de campanhas; leitura de métricas; Excel intermediário | Q8: Google Ads Certification; LGPD | R8: Diária | S8: 45 | T8: Print de veiculação; relatório mensal; PI assinado | U8: Google Drive — SGQ/Mídia | V8: 5 anos | W8: Sim | X8: Alta | Y8: (quem preencheu) | Z8: 11/09/2026 | AA8: Não iniciado

Sheet Dir. Operações
A1: Mapeamento de Processos — Diretoria de Operações
A2: VAN-FOR-SGQ-001 | Versão 1.0 | Emissão 11/09/2026 | SGQ Vanguarda (VAN-QUAL-001) | CONFIDENCIAL
A3: Setor: Diretoria de Operações | Código de área SGQ: OPS | Prefixo dos processos: OPE.NN
A5: COMO PREENCHER: escreva a partir da linha 9. A linha 8, em amarelo, é EXEMPLO — apague-a ou sobrescreva-a. Colunas com (*) são obrigatórias. Células em verde são calculadas automaticamente: não digite nelas.
A6: Cabeçalho | B6: Cabeçalho | C6: §1 Objetivo | D6: §2 Escopo | E6: §2 Escopo | F6: §2 Escopo | G6: Cabeçalho | H6: §5 RACI | I6: §5 RACI | J6: §6 SIPOC | K6: §6 SIPOC | L6: §6 SIPOC | M6: §6 SIPOC | N6: §7 Recursos | O6: §7 Recursos | P6: §8 Competências | Q6: §8 Competências | R6: §9 Processo | S6: §10 KPIs | T6: §14 Registros | U6: §14 Registros | V6: §14 Registros | W6: §5 RACI | X6: Planejamento | Y6: Controle | Z6: Controle | AA6: Controle
A7: Código do Processo * | B7: Nome do Processo * | C7: Objetivo (1 a 2 frases) * | D7: Escopo — o que o processo cobre * | E7: NÃO está no escopo * | F7: Entidades aplicáveis * | G7: Gestor do Processo (cargo) * | H7: Executor principal (cargo) * | I7: Aprovador (cargo) * | J7: Fornecedores — de quem recebe * | K7: Entradas — o que recebe * | L7: Saídas — o que entrega * | M7: Clientes — quem recebe a saída * | N7: Sistemas e ferramentas * | O7: Documentos de referência | P7: Competências necessárias | Q7: Treinamentos obrigatórios | R7: Frequência de execução * | S7: Volume médio mensal | T7: Registros e evidências gerados * | U7: Local de armazenamento * | V7: Retenção | W7: Envolve pagamento ou compromisso financeiro? * | X7: Prioridade para redação do POP * | Y7: Preenchido por * | Z7: Data do preenchimento * | AA7: Status *
A8: OPE.01 | B8: Veiculação de campanha de mídia paga | C8: Padronizar o planejamento, a veiculação e a conferência de campanhas de mídia paga, garantindo rastreabilidade da verba e do resultado. | D8: Do briefing aprovado até o relatório de fechamento da campanha. | E8: Negociação comercial com o cliente; emissão de nota fiscal. | F8: Vanguarda Martech | G8: Supervisor de Mídia Paga | H8: Analista de Mídia Paga | I8: Diretoria de Operações | J8: Account; Planejamento | K8: Briefing aprovado; verba liberada; peças aprovadas | L8: Campanha veiculada; relatório de performance | M8: Account; Cliente | N8: Google Ads; Meta Ads; Nekt; Power BI | O8: VAN-POP-FIN-004 (Controle de Verbas de Impulsionamento) | P8: Gestão de campanhas; leitura de métricas; Excel intermediário | Q8: Google Ads Certification; LGPD | R8: Diária | S8: 45 | T8: Print de veiculação; relatório mensal; PI assinado | U8: Google Drive — SGQ/Mídia | V8: 5 anos | W8: Sim | X8: Alta | Y8: (quem preencheu) | Z8: 11/09/2026 | AA8: Não iniciado

Sheet RH
A1: Mapeamento de Processos — Recursos Humanos
A2: VAN-FOR-SGQ-001 | Versão 1.0 | Emissão 11/09/2026 | SGQ Vanguarda (VAN-QUAL-001) | CONFIDENCIAL
A3: Setor: Recursos Humanos | Código de área SGQ: RH | Prefixo dos processos: RHU.NN
A5: COMO PREENCHER: escreva a partir da linha 9. A linha 8, em amarelo, é EXEMPLO — apague-a ou sobrescreva-a. Colunas com (*) são obrigatórias. Células em verde são calculadas automaticamente: não digite nelas.
A6: Cabeçalho | B6: Cabeçalho | C6: §1 Objetivo | D6: §2 Escopo | E6: §2 Escopo | F6: §2 Escopo | G6: Cabeçalho | H6: §5 RACI | I6: §5 RACI | J6: §6 SIPOC | K6: §6 SIPOC | L6: §6 SIPOC | M6: §6 SIPOC | N6: §7 Recursos | O6: §7 Recursos | P6: §8 Competências | Q6: §8 Competências | R6: §9 Processo | S6: §10 KPIs | T6: §14 Registros | U6: §14 Registros | V6: §14 Registros | W6: §5 RACI | X6: Planejamento | Y6: Controle | Z6: Controle | AA6: Controle
A7: Código do Processo * | B7: Nome do Processo * | C7: Objetivo (1 a 2 frases) * | D7: Escopo — o que o processo cobre * | E7: NÃO está no escopo * | F7: Entidades aplicáveis * | G7: Gestor do Processo (cargo) * | H7: Executor principal (cargo) * | I7: Aprovador (cargo) * | J7: Fornecedores — de quem recebe * | K7: Entradas — o que recebe * | L7: Saídas — o que entrega * | M7: Clientes — quem recebe a saída * | N7: Sistemas e ferramentas * | O7: Documentos de referência | P7: Competências necessárias | Q7: Treinamentos obrigatórios | R7: Frequência de execução * | S7: Volume médio mensal | T7: Registros e evidências gerados * | U7: Local de armazenamento * | V7: Retenção | W7: Envolve pagamento ou compromisso financeiro? * | X7: Prioridade para redação do POP * | Y7: Preenchido por * | Z7: Data do preenchimento * | AA7: Status *
A8: RHU.01 | B8: Veiculação de campanha de mídia paga | C8: Padronizar o planejamento, a veiculação e a conferência de campanhas de mídia paga, garantindo rastreabilidade da verba e do resultado. | D8: Do briefing aprovado até o relatório de fechamento da campanha. | E8: Negociação comercial com o cliente; emissão de nota fiscal. | F8: Vanguarda Martech | G8: Supervisor de Mídia Paga | H8: Analista de Mídia Paga | I8: Diretoria de Operações | J8: Account; Planejamento | K8: Briefing aprovado; verba liberada; peças aprovadas | L8: Campanha veiculada; relatório de performance | M8: Account; Cliente | N8: Google Ads; Meta Ads; Nekt; Power BI | O8: VAN-POP-FIN-004 (Controle de Verbas de Impulsionamento) | P8: Gestão de campanhas; leitura de métricas; Excel intermediário | Q8: Google Ads Certification; LGPD | R8: Diária | S8: 45 | T8: Print de veiculação; relatório mensal; PI assinado | U8: Google Drive — SGQ/Mídia | V8: 5 anos | W8: Sim | X8: Alta | Y8: (quem preencheu) | Z8: 11/09/2026 | AA8: Não iniciado

Sheet Dir. Executiva
A1: Mapeamento de Processos — Diretoria Executiva
A2: VAN-FOR-SGQ-001 | Versão 1.0 | Emissão 11/09/2026 | SGQ Vanguarda (VAN-QUAL-001) | CONFIDENCIAL
A3: Setor: Diretoria Executiva | Código de área SGQ: GOV* | Prefixo dos processos: DEX.NN | ATENÇÃO: codigo GOV proposto, pendente de validação da Qualidade
A5: COMO PREENCHER: escreva a partir da linha 9. A linha 8, em amarelo, é EXEMPLO — apague-a ou sobrescreva-a. Colunas com (*) são obrigatórias. Células em verde são calculadas automaticamente: não digite nelas.
A6: Cabeçalho | B6: Cabeçalho | C6: §1 Objetivo | D6: §2 Escopo | E6: §2 Escopo | F6: §2 Escopo | G6: Cabeçalho | H6: §5 RACI | I6: §5 RACI | J6: §6 SIPOC | K6: §6 SIPOC | L6: §6 SIPOC | M6: §6 SIPOC | N6: §7 Recursos | O6: §7 Recursos | P6: §8 Competências | Q6: §8 Competências | R6: §9 Processo | S6: §10 KPIs | T6: §14 Registros | U6: §14 Registros | V6: §14 Registros | W6: §5 RACI | X6: Planejamento | Y6: Controle | Z6: Controle | AA6: Controle
A7: Código do Processo * | B7: Nome do Processo * | C7: Objetivo (1 a 2 frases) * | D7: Escopo — o que o processo cobre * | E7: NÃO está no escopo * | F7: Entidades aplicáveis * | G7: Gestor do Processo (cargo) * | H7: Executor principal (cargo) * | I7: Aprovador (cargo) * | J7: Fornecedores — de quem recebe * | K7: Entradas — o que recebe * | L7: Saídas — o que entrega * | M7: Clientes — quem recebe a saída * | N7: Sistemas e ferramentas * | O7: Documentos de referência | P7: Competências necessárias | Q7: Treinamentos obrigatórios | R7: Frequência de execução * | S7: Volume médio mensal | T7: Registros e evidências gerados * | U7: Local de armazenamento * | V7: Retenção | W7: Envolve pagamento ou compromisso financeiro? * | X7: Prioridade para redação do POP * | Y7: Preenchido por * | Z7: Data do preenchimento * | AA7: Status *
A8: DEX.01 | B8: Veiculação de campanha de mídia paga | C8: Padronizar o planejamento, a veiculação e a conferência de campanhas de mídia paga, garantindo rastreabilidade da verba e do resultado. | D8: Do briefing aprovado até o relatório de fechamento da campanha. | E8: Negociação comercial com o cliente; emissão de nota fiscal. | F8: Vanguarda Martech | G8: Supervisor de Mídia Paga | H8: Analista de Mídia Paga | I8: Diretoria de Operações | J8: Account; Planejamento | K8: Briefing aprovado; verba liberada; peças aprovadas | L8: Campanha veiculada; relatório de performance | M8: Account; Cliente | N8: Google Ads; Meta Ads; Nekt; Power BI | O8: VAN-POP-FIN-004 (Controle de Verbas de Impulsionamento) | P8: Gestão de campanhas; leitura de métricas; Excel intermediário | Q8: Google Ads Certification; LGPD | R8: Diária | S8: 45 | T8: Print de veiculação; relatório mensal; PI assinado | U8: Google Drive — SGQ/Mídia | V8: 5 anos | W8: Sim | X8: Alta | Y8: (quem preencheu) | Z8: 11/09/2026 | AA8: Não iniciado

Sheet Social Media
A1: Mapeamento de Processos — Social Media
A2: VAN-FOR-SGQ-001 | Versão 1.0 | Emissão 11/09/2026 | SGQ Vanguarda (VAN-QUAL-001) | CONFIDENCIAL
A3: Setor: Social Media | Código de área SGQ: MKT | Prefixo dos processos: SOC.NN
A5: COMO PREENCHER: escreva a partir da linha 9. A linha 8, em amarelo, é EXEMPLO — apague-a ou sobrescreva-a. Colunas com (*) são obrigatórias. Células em verde são calculadas automaticamente: não digite nelas.
A6: Cabeçalho | B6: Cabeçalho | C6: §1 Objetivo | D6: §2 Escopo | E6: §2 Escopo | F6: §2 Escopo | G6: Cabeçalho | H6: §5 RACI | I6: §5 RACI | J6: §6 SIPOC | K6: §6 SIPOC | L6: §6 SIPOC | M6: §6 SIPOC | N6: §7 Recursos | O6: §7 Recursos | P6: §8 Competências | Q6: §8 Competências | R6: §9 Processo | S6: §10 KPIs | T6: §14 Registros | U6: §14 Registros | V6: §14 Registros | W6: §5 RACI | X6: Planejamento | Y6: Controle | Z6: Controle | AA6: Controle
A7: Código do Processo * | B7: Nome do Processo * | C7: Objetivo (1 a 2 frases) * | D7: Escopo — o que o processo cobre * | E7: NÃO está no escopo * | F7: Entidades aplicáveis * | G7: Gestor do Processo (cargo) * | H7: Executor principal (cargo) * | I7: Aprovador (cargo) * | J7: Fornecedores — de quem recebe * | K7: Entradas — o que recebe * | L7: Saídas — o que entrega * | M7: Clientes — quem recebe a saída * | N7: Sistemas e ferramentas * | O7: Documentos de referência | P7: Competências necessárias | Q7: Treinamentos obrigatórios | R7: Frequência de execução * | S7: Volume médio mensal | T7: Registros e evidências gerados * | U7: Local de armazenamento * | V7: Retenção | W7: Envolve pagamento ou compromisso financeiro? * | X7: Prioridade para redação do POP * | Y7: Preenchido por * | Z7: Data do preenchimento * | AA7: Status *
A8: SOC.01 | B8: Veiculação de campanha de mídia paga | C8: Padronizar o planejamento, a veiculação e a conferência de campanhas de mídia paga, garantindo rastreabilidade da verba e do resultado. | D8: Do briefing aprovado até o relatório de fechamento da campanha. | E8: Negociação comercial com o cliente; emissão de nota fiscal. | F8: Vanguarda Martech | G8: Supervisor de Mídia Paga | H8: Analista de Mídia Paga | I8: Diretoria de Operações | J8: Account; Planejamento | K8: Briefing aprovado; verba liberada; peças aprovadas | L8: Campanha veiculada; relatório de performance | M8: Account; Cliente | N8: Google Ads; Meta Ads; Nekt; Power BI | O8: VAN-POP-FIN-004 (Controle de Verbas de Impulsionamento) | P8: Gestão de campanhas; leitura de métricas; Excel intermediário | Q8: Google Ads Certification; LGPD | R8: Diária | S8: 45 | T8: Print de veiculação; relatório mensal; PI assinado | U8: Google Drive — SGQ/Mídia | V8: 5 anos | W8: Sim | X8: Alta | Y8: (quem preencheu) | Z8: 11/09/2026 | AA8: Não iniciado

Sheet Financeiro
A1: Mapeamento de Processos — Financeiro / Controladoria
A2: VAN-FOR-SGQ-001 | Versão 1.0 | Emissão 11/09/2026 | SGQ Vanguarda (VAN-QUAL-001) | CONFIDENCIAL
A3: Setor: Financeiro / Controladoria | Código de área SGQ: FIN | Prefixo dos processos: FIN.NN
A5: COMO PREENCHER: escreva a partir da linha 9. A linha 8, em amarelo, é EXEMPLO — apague-a ou sobrescreva-a. Colunas com (*) são obrigatórias. Células em verde são calculadas automaticamente: não digite nelas.
A6: Cabeçalho | B6: Cabeçalho | C6: §1 Objetivo | D6: §2 Escopo | E6: §2 Escopo | F6: §2 Escopo | G6: Cabeçalho | H6: §5 RACI | I6: §5 RACI | J6: §6 SIPOC | K6: §6 SIPOC | L6: §6 SIPOC | M6: §6 SIPOC | N6: §7 Recursos | O6: §7 Recursos | P6: §8 Competências | Q6: §8 Competências | R6: §9 Processo | S6: §10 KPIs | T6: §14 Registros | U6: §14 Registros | V6: §14 Registros | W6: §5 RACI | X6: Planejamento | Y6: Controle | Z6: Controle | AA6: Controle
A7: Código do Processo * | B7: Nome do Processo * | C7: Objetivo (1 a 2 frases) * | D7: Escopo — o que o processo cobre * | E7: NÃO está no escopo * | F7: Entidades aplicáveis * | G7: Gestor do Processo (cargo) * | H7: Executor principal (cargo) * | I7: Aprovador (cargo) * | J7: Fornecedores — de quem recebe * | K7: Entradas — o que recebe * | L7: Saídas — o que entrega * | M7: Clientes — quem recebe a saída * | N7: Sistemas e ferramentas * | O7: Documentos de referência | P7: Competências necessárias | Q7: Treinamentos obrigatórios | R7: Frequência de execução * | S7: Volume médio mensal | T7: Registros e evidências gerados * | U7: Local de armazenamento * | V7: Retenção | W7: Envolve pagamento ou compromisso financeiro? * | X7: Prioridade para redação do POP * | Y7: Preenchido por * | Z7: Data do preenchimento * | AA7: Status *
A8: FIN.01 | B8: Veiculação de campanha de mídia paga | C8: Padronizar o planejamento, a veiculação e a conferência de campanhas de mídia paga, garantindo rastreabilidade da verba e do resultado. | D8: Do briefing aprovado até o relatório de fechamento da campanha. | E8: Negociação comercial com o cliente; emissão de nota fiscal. | F8: Vanguarda Martech | G8: Supervisor de Mídia Paga | H8: Analista de Mídia Paga | I8: Diretoria de Operações | J8: Account; Planejamento | K8: Briefing aprovado; verba liberada; peças aprovadas | L8: Campanha veiculada; relatório de performance | M8: Account; Cliente | N8: Google Ads; Meta Ads; Nekt; Power BI | O8: VAN-POP-FIN-004 (Controle de Verbas de Impulsionamento) | P8: Gestão de campanhas; leitura de métricas; Excel intermediário | Q8: Google Ads Certification; LGPD | R8: Diária | S8: 45 | T8: Print de veiculação; relatório mensal; PI assinado | U8: Google Drive — SGQ/Mídia | V8: 5 anos | W8: Sim | X8: Alta | Y8: (quem preencheu) | Z8: 11/09/2026 | AA8: Não iniciado

Sheet Planej. Estrat. e Inovação
A1: Mapeamento de Processos — Planejamento, Estratégia e Inovação
A2: VAN-FOR-SGQ-001 | Versão 1.0 | Emissão 11/09/2026 | SGQ Vanguarda (VAN-QUAL-001) | CONFIDENCIAL
A3: Setor: Planejamento, Estratégia e Inovação | Código de área SGQ: EST* | Prefixo dos processos: PEI.NN | ATENÇÃO: codigo EST proposto, pendente de validação da Qualidade
A5: COMO PREENCHER: escreva a partir da linha 9. A linha 8, em amarelo, é EXEMPLO — apague-a ou sobrescreva-a. Colunas com (*) são obrigatórias. Células em verde são calculadas automaticamente: não digite nelas.
A6: Cabeçalho | B6: Cabeçalho | C6: §1 Objetivo | D6: §2 Escopo | E6: §2 Escopo | F6: §2 Escopo | G6: Cabeçalho | H6: §5 RACI | I6: §5 RACI | J6: §6 SIPOC | K6: §6 SIPOC | L6: §6 SIPOC | M6: §6 SIPOC | N6: §7 Recursos | O6: §7 Recursos | P6: §8 Competências | Q6: §8 Competências | R6: §9 Processo | S6: §10 KPIs | T6: §14 Registros | U6: §14 Registros | V6: §14 Registros | W6: §5 RACI | X6: Planejamento | Y6: Controle | Z6: Controle | AA6: Controle
A7: Código do Processo * | B7: Nome do Processo * | C7: Objetivo (1 a 2 frases) * | D7: Escopo — o que o processo cobre * | E7: NÃO está no escopo * | F7: Entidades aplicáveis * | G7: Gestor do Processo (cargo) * | H7: Executor principal (cargo) * | I7: Aprovador (cargo) * | J7: Fornecedores — de quem recebe * | K7: Entradas — o que recebe * | L7: Saídas — o que entrega * | M7: Clientes — quem recebe a saída * | N7: Sistemas e ferramentas * | O7: Documentos de referência | P7: Competências necessárias | Q7: Treinamentos obrigatórios | R7: Frequência de execução * | S7: Volume médio mensal | T7: Registros e evidências gerados * | U7: Local de armazenamento * | V7: Retenção | W7: Envolve pagamento ou compromisso financeiro? * | X7: Prioridade para redação do POP * | Y7: Preenchido por * | Z7: Data do preenchimento * | AA7: Status *
A8: PEI.01 | B8: Veiculação de campanha de mídia paga | C8: Padronizar o planejamento, a veiculação e a conferência de campanhas de mídia paga, garantindo rastreabilidade da verba e do resultado. | D8: Do briefing aprovado até o relatório de fechamento da campanha. | E8: Negociação comercial com o cliente; emissão de nota fiscal. | F8: Vanguarda Martech | G8: Supervisor de Mídia Paga | H8: Analista de Mídia Paga | I8: Diretoria de Operações | J8: Account; Planejamento | K8: Briefing aprovado; verba liberada; peças aprovadas | L8: Campanha veiculada; relatório de performance | M8: Account; Cliente | N8: Google Ads; Meta Ads; Nekt; Power BI | O8: VAN-POP-FIN-004 (Controle de Verbas de Impulsionamento) | P8: Gestão de campanhas; leitura de métricas; Excel intermediário | Q8: Google Ads Certification; LGPD | R8: Diária | S8: 45 | T8: Print de veiculação; relatório mensal; PI assinado | U8: Google Drive — SGQ/Mídia | V8: 5 anos | W8: Sim | X8: Alta | Y8: (quem preencheu) | Z8: 11/09/2026 | AA8: Não iniciado

Sheet Etapas
A1: Etapas dos Processos (§9.1 e fluxo BPMN)
A2: VAN-FOR-SGQ-001 | Versão 1.0 | Emissão 11/09/2026 | SGQ Vanguarda (VAN-QUAL-001) | CONFIDENCIAL
A3: Uma linha por etapa. As etapas viram a descrição detalhada do POP e os elementos do diagrama BPMN — ordem e responsável definem as raias.
A5: COMO PREENCHER: escreva a partir da linha 9. A linha 8, em amarelo, é EXEMPLO — apague-a ou sobrescreva-a. Colunas com (*) são obrigatórias. Células em verde são calculadas automaticamente: não digite nelas.
C6: iClips, Conexa, etc. | E6: o que é feito | J6: vira gateway no BPMN | K6: se sim
A7: Setor * | B7: Código do Processo * | C7: Trilho / Sistema | D7: Nº da etapa * | E7: Descrição da etapa * | F7: Responsável (cargo) * | G7: Ferramenta / Sistema * | H7: Evidência gerada * | I7: SLA * | J7: É ponto de decisão? * | K7: Condição da decisão
A8: Mídia Paga | B8: MID.01 | C8: Google Ads | D8: 1 | E8: Receber briefing aprovado e conferir verba liberada | F8: Analista de Mídia Paga | G8: Nekt / Google Ads | H8: Briefing assinado | I8: D+1 | J8: Não

Sheet RACI
A1: Matriz de Responsabilidades — RACI (§5)
A2: VAN-FOR-SGQ-001 | Versão 1.0 | Emissão 11/09/2026 | SGQ Vanguarda (VAN-QUAL-001) | CONFIDENCIAL
A3: Uma linha por par atividade × papel. R = Responsável (executa) | A = Aprovador | C = Consultado | I = Informado. REGRA DE OURO DO SGQ: atividade que envolve pagamento ou compromisso financeiro tem obrigatoriamente o CEO como A.
A5: COMO PREENCHER: escreva a partir da linha 9. A linha 8, em amarelo, é EXEMPLO — apague-a ou sobrescreva-a. Colunas com (*) são obrigatórias. Células em verde são calculadas automaticamente: não digite nelas.
E6: R, A, C ou I
A7: Setor * | B7: Código do Processo * | C7: Atividade * | D7: Papel / Cargo * | E7: Classificação * | F7: Observação
A8: Mídia Paga | B8: MID.01 | C8: Aprovar verba da campanha | D8: CEO — Breno Maciel | E8: A | F8: Obrigatório: a atividade envolve compromisso financeiro

Sheet KPIs
A1: Indicadores de Desempenho (§10)
A2: VAN-FOR-SGQ-001 | Versão 1.0 | Emissão 11/09/2026 | SGQ Vanguarda (VAN-QUAL-001) | CONFIDENCIAL
A3: Mínimo de 5 indicadores por processo, conforme o SGQ. Meta precisa ser número, não adjetivo: '95%' serve, 'alta' não.
A5: COMO PREENCHER: escreva a partir da linha 9. A linha 8, em amarelo, é EXEMPLO — apague-a ou sobrescreva-a. Colunas com (*) são obrigatórias. Células em verde são calculadas automaticamente: não digite nelas.
D6: como se calcula | F6: %, R$, dias, un. | I6: onde é revisado
A7: Setor * | B7: Código do Processo * | C7: Indicador * | D7: Fórmula / Métrica * | E7: Meta numérica * | F7: Unidade * | G7: Frequência * | H7: Responsável * | I7: Ritual de acompanhamento *
A8: Mídia Paga | B8: MID.01 | C8: Aderência da verba veiculada | D8: (verba veiculada ÷ verba aprovada) × 100 | E8: 95 | F8: % | G8: Mensal | H8: Supervisor de Mídia Paga | I8: Reunião mensal de operações

Sheet Riscos
A1: Riscos do Processo — COSO ERM (§11)
A2: VAN-FOR-SGQ-001 | Versão 1.0 | Emissão 11/09/2026 | SGQ Vanguarda (VAN-QUAL-001) | CONFIDENCIAL
A3: Mínimo de 5 riscos por processo. NR e Classificação são calculados: NR ≥ 6 exige ação imediata, 4 a 5 monitoramento, até 3 aceitável.
A5: COMO PREENCHER: escreva a partir da linha 9. A linha 8, em amarelo, é EXEMPLO — apague-a ou sobrescreva-a. Colunas com (*) são obrigatórias. Células em verde são calculadas automaticamente: não digite nelas.
H6: calculado | I6: calculado | K6: Alta/Média/Baixa
A7: Setor * | B7: Código do Processo * | C7: Nº * | D7: Risco * | E7: Categoria COSO * | F7: Probabilidade (1-3) * | G7: Impacto (1-3) * | H7: NR (P×I) | I7: Classificação | J7: Controle existente * | K7: Eficácia * | L7: Plano de ação *
A8: Mídia Paga | B8: MID.01 | C8: 1 | D8: Verba veiculada acima do aprovado sem aditivo | E8: Financeiro | F8: 2 | G8: 3 | H8: =IF(OR($F8="",$G8=""),"",$F8*$G8) | I8: =IF($H8="","",IF($H8>=6,"Ação imediata",IF($H8>=4,"Monitoramento","Aceitável"))) | J8: Conferência semanal do painel de verba | K8: Média | L8: Automatizar alerta de estouro na Nekt
H9: =IF(OR($F9="",$G9=""),"",$F9*$G9) | I9: =IF($H9="","",IF($H9>=6,"Ação imediata",IF($H9>=4,"Monitoramento","Aceitável")))
H10: =IF(OR($F10="",$G10=""),"",$F10*$G10) | I10: =IF($H10="","",IF($H10>=6,"Ação imediata",IF($H10>=4,"Monitoramento","Aceitável")))
H11: =IF(OR($F11="",$G11=""),"",$F11*$G11) | I11: =IF($H11="","",IF($H11>=6,"Ação imediata",IF($H11>=4,"Monitoramento","Aceitável")))
H12: =IF(OR($F12="",$G12=""),"",$F12*$G12) | I12: =IF($H12="","",IF($H12>=6,"Ação imediata",IF($H12>=4,"Monitoramento","Aceitável")))
H13: =IF(OR($F13="",$G13=""),"",$F13*$G13) | I13: =IF($H13="","",IF($H13>=6,"Ação imediata",IF($H13>=4,"Monitoramento","Aceitável")))
H14: =IF(OR($F14="",$G14=""),"",$F14*$G14) | I14: =IF($H14="","",IF($H14>=6,"Ação imediata",IF($H14>=4,"Monitoramento","Aceitável")))
H15: =IF(OR($F15="",$G15=""),"",$F15*$G15) | I15: =IF($H15="","",IF($H15>=6,"Ação imediata",IF($H15>=4,"Monitoramento","Aceitável")))
H16: =IF(OR($F16="",$G16=""),"",$F16*$G16) | I16: =IF($H16="","",IF($H16>=6,"Ação imediata",IF($H16>=4,"Monitoramento","Aceitável")))
H17: =IF(OR($F17="",$G17=""),"",$F17*$G17) | I17: =IF($H17="","",IF($H17>=6,"Ação imediata",IF($H17>=4,"Monitoramento","Aceitável")))
H18: =IF(OR($F18="",$G18=""),"",$F18*$G18) | I18: =IF($H18="","",IF($H18>=6,"Ação imediata",IF($H18>=4,"Monitoramento","Aceitável")))
H19: =IF(OR($F19="",$G19=""),"",$F19*$G19) | I19: =IF($H19="","",IF($H19>=6,"Ação imediata",IF($H19>=4,"Monitoramento","Aceitável")))
H20: =IF(OR($F20="",$G20=""),"",$F20*$G20) | I20: =IF($H20="","",IF($H20>=6,"Ação imediata",IF($H20>=4,"Monitoramento","Aceitável")))
... H207: =IF(OR($F207="",$G207=""),"",$F207*$G207) | I207: =IF($H207="","",IF($H207>=6,"Ação imediata",IF($H207>=4,"Monitoramento","Aceitável")))

Sheet Consolidado
A1: Consolidado do Levantamento
A2: VAN-FOR-SGQ-001 | Versão 1.0 | Emissão 11/09/2026 | SGQ Vanguarda (VAN-QUAL-001) | CONFIDENCIAL
A3: Atualiza sozinho conforme os setores preenchem. 'Pronto para POP' exige ao menos 1 processo, 3 etapas, 5 KPIs e 5 riscos — os mínimos do SGQ.
A5: ESTA ABA É TODA CALCULADA. Não digite nada aqui — os números vêm das abas dos setores.
D6: calculado | E6: calculado | F6: calculado | G6: calculado | H6: calculado | I6: calculado | J6: calculado
A7: Setor | B7: Aba | C7: Código de área | D7: Processos mapeados | E7: Etapas | F7: Linhas RACI | G7: KPIs | H7: Riscos | I7: Riscos NR ≥ 6 | J7: Pronto para POP?
A8: Mídia Paga | B8: Mídia Paga | C8: MKT | D8: =COUNTIF('Mídia Paga'!$B$9:$B$67,"?*") | E8: =COUNTIFS(Etapas!$A$9:$A$207,$A8) | F8: =COUNTIFS(RACI!$A$9:$A$207,$A8) | G8: =COUNTIFS(KPIs!$A$9:$A$207,$A8) | H8: =COUNTIFS(Riscos!$A$9:$A$207,$A8) | I8: =COUNTIFS(Riscos!$A$9:$A$207,$A8,Riscos!$H$9:$H$207,">=6") | J8: =IF(AND($D8>=1,$E8>=3,$G8>=5,$H8>=5),"Sim","Faltam itens")
A9: Inbound | B9: Inbound | C9: MKT | D9: =COUNTIF('Inbound'!$B$9:$B$67,"?*") | E9: =COUNTIFS(Etapas!$A$9:$A$207,$A9) | F9: =COUNTIFS(RACI!$A$9:$A$207,$A9) | G9: =COUNTIFS(KPIs!$A$9:$A$207,$A9) | H9: =COUNTIFS(Riscos!$A$9:$A$207,$A9) | I9: =COUNTIFS(Riscos!$A$9:$A$207,$A9,Riscos!$H$9:$H$207,">=6") | J9: =IF(AND($D9>=1,$E9>=3,$G9>=5,$H9>=5),"Sim","Faltam itens")
A10: Account (Atendimento) | B10: Account | C10: COM | D10: =COUNTIF('Account'!$B$9:$B$67,"?*") | E10: =COUNTIFS(Etapas!$A$9:$A$207,$A10) | F10: =COUNTIFS(RACI!$A$9:$A$207,$A10) | G10: =COUNTIFS(KPIs!$A$9:$A$207,$A10) | H10: =COUNTIFS(Riscos!$A$9:$A$207,$A10) | I10: =COUNTIFS(Riscos!$A$9:$A$207,$A10,Riscos!$H$9:$H$207,">=6") | J10: =IF(AND($D10>=1,$E10>=3,$G10>=5,$H10>=5),"Sim","Faltam itens")
A11: Criação | B11: Criação | C11: MKT | D11: =COUNTIF('Criação'!$B$9:$B$67,"?*") | E11: =COUNTIFS(Etapas!$A$9:$A$207,$A11) | F11: =COUNTIFS(RACI!$A$9:$A$207,$A11) | G11: =COUNTIFS(KPIs!$A$9:$A$207,$A11) | H11: =COUNTIFS(Riscos!$A$9:$A$207,$A11) | I11: =COUNTIFS(Riscos!$A$9:$A$207,$A11,Riscos!$H$9:$H$207,">=6") | J11: =IF(AND($D11>=1,$E11>=3,$G11>=5,$H11>=5),"Sim","Faltam itens")
A12: Direção de Arte | B12: Direção de Arte | C12: MKT | D12: =COUNTIF('Direção de Arte'!$B$9:$B$67,"?*") | E12: =COUNTIFS(Etapas!$A$9:$A$207,$A12) | F12: =COUNTIFS(RACI!$A$9:$A$207,$A12) | G12: =COUNTIFS(KPIs!$A$9:$A$207,$A12) | H12: =COUNTIFS(Riscos!$A$9:$A$207,$A12) | I12: =COUNTIFS(Riscos!$A$9:$A$207,$A12,Riscos!$H$9:$H$207,">=6") | J12: =IF(AND($D12>=1,$E12>=3,$G12>=5,$H12>=5),"Sim","Faltam itens")
A13: Diretoria de Operações | B13: Dir. Operações | C13: OPS | D13: =COUNTIF('Dir. Operações'!$B$9:$B$67,"?*") | E13: =COUNTIFS(Etapas!$A$9:$A$207,$A13) | F13: =COUNTIFS(RACI!$A$9:$A$207,$A13) | G13: =COUNTIFS(KPIs!$A$9:$A$207,$A13) | H13: =COUNTIFS(Riscos!$A$9:$A$207,$A13) | I13: =COUNTIFS(Riscos!$A$9:$A$207,$A13,Riscos!$H$9:$H$207,">=6") | J13: =IF(AND($D13>=1,$E13>=3,$G13>=5,$H13>=5),"Sim","Faltam itens")
A14: Recursos Humanos | B14: RH | C14: RH | D14: =COUNTIF('RH'!$B$9:$B$67,"?*") | E14: =COUNTIFS(Etapas!$A$9:$A$207,$A14) | F14: =COUNTIFS(RACI!$A$9:$A$207,$A14) | G14: =COUNTIFS(KPIs!$A$9:$A$207,$A14) | H14: =COUNTIFS(Riscos!$A$9:$A$207,$A14) | I14: =COUNTIFS(Riscos!$A$9:$A$207,$A14,Riscos!$H$9:$H$207,">=6") | J14: =IF(AND($D14>=1,$E14>=3,$G14>=5,$H14>=5),"Sim","Faltam itens")
A15: Diretoria Executiva | B15: Dir. Executiva | C15: GOV* | D15: =COUNTIF('Dir. Executiva'!$B$9:$B$67,"?*") | E15: =COUNTIFS(Etapas!$A$9:$A$207,$A15) | F15: =COUNTIFS(RACI!$A$9:$A$207,$A15) | G15: =COUNTIFS(KPIs!$A$9:$A$207,$A15) | H15: =COUNTIFS(Riscos!$A$9:$A$207,$A15) | I15: =COUNTIFS(Riscos!$A$9:$A$207,$A15,Riscos!$H$9:$H$207,">=6") | J15: =IF(AND($D15>=1,$E15>=3,$G15>=5,$H15>=5),"Sim","Faltam itens")
A16: Social Media | B16: Social Media | C16: MKT | D16: =COUNTIF('Social Media'!$B$9:$B$67,"?*") | E16: =COUNTIFS(Etapas!$A$9:$A$207,$A16) | F16: =COUNTIFS(RACI!$A$9:$A$207,$A16) | G16: =COUNTIFS(KPIs!$A$9:$A$207,$A16) | H16: =COUNTIFS(Riscos!$A$9:$A$207,$A16) | I16: =COUNTIFS(Riscos!$A$9:$A$207,$A16,Riscos!$H$9:$H$207,">=6") | J16: =IF(AND($D16>=1,$E16>=3,$G16>=5,$H16>=5),"Sim","Faltam itens")
A17: Financeiro / Controladoria | B17: Financeiro | C17: FIN | D17: =COUNTIF('Financeiro'!$B$9:$B$67,"?*") | E17: =COUNTIFS(Etapas!$A$9:$A$207,$A17) | F17: =COUNTIFS(RACI!$A$9:$A$207,$A17) | G17: =COUNTIFS(KPIs!$A$9:$A$207,$A17) | H17: =COUNTIFS(Riscos!$A$9:$A$207,$A17) | I17: =COUNTIFS(Riscos!$A$9:$A$207,$A17,Riscos!$H$9:$H$207,">=6") | J17: =IF(AND($D17>=1,$E17>=3,$G17>=5,$H17>=5),"Sim","Faltam itens")
A18: Planejamento, Estratégia e Inovação | B18: Planej. Estrat. e Inovação | C18: EST* | D18: =COUNTIF('Planej. Estrat. e Inovação'!$B$9:$B$67,"?*") | E18: =COUNTIFS(Etapas!$A$9:$A$207,$A18) | F18: =COUNTIFS(RACI!$A$9:$A$207,$A18) | G18: =COUNTIFS(KPIs!$A$9:$A$207,$A18) | H18: =COUNTIFS(Riscos!$A$9:$A$207,$A18) | I18: =COUNTIFS(Riscos!$A$9:$A$207,$A18,Riscos!$H$9:$H$207,">=6") | J18: =IF(AND($D18>=1,$E18>=3,$G18>=5,$H18>=5),"Sim","Faltam itens")
A19: TOTAL | D19: =SUM(D8:D18) | E19: =SUM(E8:E18) | F19: =SUM(F8:F18) | G19: =SUM(G8:G18) | H19: =SUM(H8:H18) | I19: =SUM(I8:I18) | J19: =COUNTIF($J$8:$J18,"Sim")&" de 11 setores"

Sheet Listas
A1: Listas de validação — VAN-FOR-SGQ-001
A2: Não editar sem avisar a Gestão da Qualidade: estas colunas alimentam os menus suspensos de todas as abas.
A4: Entidades | B4: Frequencia | C4: Retencao | D4: SimNao | E4: Prioridade | F4: Status | G4: SLA | H4: RACI | I4: COSO | J4: Escala13 | K4: Eficacia | L4: Setores
A5: Vanguarda Martech | B5: Sob demanda | C5: 2 anos | D5: Sim | E5: Alta | F5: Não iniciado | G5: Imediato | H5: R | I5: Estratégico | J5: 1 | K5: Alta | L5: Mídia Paga
A6: VPromo | B6: Diária | C6: 3 anos | D6: Não | E6: Média | F6: Em preenchimento | G6: 15 min | H6: A | I6: Operacional | J6: 2 | K6: Média | L6: Inbound
A7: VBOT | B7: Semanal | C7: 5 anos | E7: Baixa | F7: Preenchido | G7: 1 hora | H7: C | I7: Financeiro | J7: 3 | K7: Baixa | L7: Account (Atendimento)
A8: Vanguarda Martech e VPromo | B8: Quinzenal | C8: Permanente | F8: Validado pela Qualidade | G8: D+1 | H8: I | I8: Compliance | L8: Criação
A9: Todas | B9: Mensal | G9: D+2 | I9: Governance | L9: Direção de Arte
B10: Trimestral | G10: Semanal | L10: Diretoria de Operações
B11: Semestral | G11: Mensal | L11: Recursos Humanos
B12: Anual | L12: Diretoria Executiva
L13: Social Media
L14: Financeiro / Controladoria
L15: Planejamento, Estratégia e Inovação
